City_ID,City,Lat,Lng,Max Temp,Humidity,Cloudiness,Wind Speed,Country,Date
0,kapaa,22.0752,-159.319,24.99,91,100,8.75,US,1675482840
1,ushuaia,-54.8,-68.3,8.81,71,20,9.77,AR,1675482812
2,shima,24.4478,117.8111,14.01,73,100,1.32,CN,1675482286
3,pong,19.1493,100.2752,32.33,45,48,1.25,TH,1675482849
4,tuktoyaktuk,69.4541,-133.0374,-42.0,66,75,0.0,CA,1675482849
5,east london,-33.0153,27.9116,22.44,85,100,5.61,ZA,1675482821
6,bluff,-46.6,168.3333,20.51,72,16,5.06,NZ,1675482850
7,barrow,71.2906,-156.7887,-26.99,83,0,4.63,US,1675482850
8,kolyvan,55.3053,82.7391,-20.79,99,100,1.59,RU,1675482850
9,mangrol,21.1167,70.1167,22.56,33,1,3.96,IN,1675482851
10,iqaluit,63.7506,-68.5145,-35.73,66,0,8.75,CA,1675482851
11,lashio,22.9333,97.75,25.54,39,13,0.8,MM,1675482852
12,tual,-5.6667,132.75,27.41,81,100,6.61,ID,1675482341
13,kavaratti,10.5669,72.642,27.47,65,72,2.91,IN,1675482852
14,mahebourg,-20.4081,57.7,26.81,94,40,0.0,MU,1675482853
15,hobart,-42.8794,147.3294,15.92,93,75,7.2,AU,1675482815
16,olinda,-8.0089,-34.8553,26.85,69,40,3.09,BR,1675482853
17,sola,-13.8833,167.55,28.35,73,25,1.84,VU,1675482854
18,at-bashi,41.1702,75.8106,-7.19,90,94,0.26,KG,1675482854
19,mataura,-46.1927,168.8643,32.56,27,0,1.93,NZ,1675482824
20,paracuru,-3.41,-39.0306,27.28,89,77,4.82,BR,1675482854
21,maniitsoq,65.4167,-52.9,-12.45,90,100,5.15,GL,1675482411
22,longyearbyen,78.2186,15.6401,-14.09,61,0,3.6,SJ,1675482853
23,kahului,20.8947,-156.47,25.47,70,0,8.23,US,1675482620
24,tasiilaq,65.6145,-37.6368,-0.91,84,100,5.42,GL,1675482841
25,bonthe,7.5264,-12.505,24.61,95,7,1.85,SL,1675482331
26,san ramon,37.7799,-121.978,11.01,93,100,3.09,US,1675482297
27,dikson,73.5069,80.5464,-22.19,100,100,1.03,RU,1675482399
28,mount isa,-20.7333,139.5,29.87,23,1,5.14,AU,1675482855
29,luderitz,-26.6481,15.1594,16.42,83,91,4.54,NA,1675482856
30,dolores,-36.3132,-57.6792,14.94,90,2,3.02,AR,1675482857
31,chokurdakh,70.6333,147.9167,-28.22,99,100,3.27,RU,1675482842
32,albany,42.6001,-73.9662,-20.99,47,87,3.58,US,1675482685
33,luzhou,28.8724,105.4405,15.37,57,100,2.03,CN,1675482857
34,hilo,19.7297,-155.09,23.85,83,40,3.09,US,1675482814
35,khasan,42.4308,130.6434,-2.34,41,7,7.12,RU,1675482353
36,cabo san lucas,22.8909,-109.9124,20.28,66,4,0.45,MX,1675482855
37,kasangulu,-4.5911,15.1708,24.49,81,78,0.72,CD,1675482858
38,magdalena,14.1999,121.429,29.08,67,91,5.6,PH,1675482859
39,torbay,47.6666,-52.7314,-1.45,84,100,16.98,CA,1675482859
40,hithadhoo,-0.6,73.0833,27.76,68,97,7.89,MV,1675482817
41,shenjiamen,29.9576,122.298,8.56,65,99,4.69,CN,1675482351
42,hasaki,35.7333,140.8333,9.22,82,100,1.31,JP,1675482859
43,kaduna,10.5222,7.4383,19.99,25,13,3.48,NG,1675482860
44,warrnambool,-38.3833,142.4833,17.18,63,52,7.94,AU,1675482860
45,lompoc,34.6391,-120.4579,12.18,84,0,5.81,US,1675482205
46,omboue,-1.5746,9.2618,25.87,86,96,2.11,GA,1675482861
47,haines junction,60.7522,-137.5108,-12.03,79,99,0.0,CA,1675482861
48,jalu,29.0331,21.5482,11.74,67,100,2.72,LY,1675482862
49,upernavik,72.7868,-56.1549,-26.16,100,100,4.13,GL,1675482862
50,suileng,47.25,127.0833,-13.71,84,87,2.94,CN,1675482862
51,alice springs,-23.7,133.8833,24.75,33,0,5.14,AU,1675482294
52,bambous virieux,-20.3428,57.7575,26.79,94,40,0.0,MU,1675482863
53,qaanaaq,77.484,-69.3632,-20.1,62,27,3.38,GL,1675482819
54,port alfred,-33.5906,26.891,20.1,93,39,0.89,ZA,1675482839
55,vaini,-21.2,-175.2,28.09,83,75,4.63,TO,1675482863
56,kloulklubed,7.0419,134.2556,29.28,76,88,7.64,PW,1675482864
57,san jose,37.3394,-121.895,12.5,87,75,2.06,US,1675482310
58,rincon,32.296,-81.2354,11.03,86,0,4.12,US,1675482275
59,yeppoon,-23.1333,150.7333,31.88,55,98,3.07,AU,1675482865
60,mazagao,-0.115,-51.2894,26.03,99,100,1.29,BR,1675482865
61,narsaq,60.9167,-46.05,-11.88,71,4,2.46,GL,1675482415
62,airai,-8.9266,125.4092,18.54,89,99,1.64,TL,1675482840
63,olafsvik,64.8945,-23.7142,0.46,67,92,19.07,IS,1675482329
64,souillac,-20.5167,57.5167,25.21,94,40,0.0,MU,1675482284
65,mar del plata,-38.0023,-57.5575,20.53,76,40,4.02,AR,1675482838
66,altona,53.55,9.9333,2.3,91,0,1.54,DE,1675482866
67,atuona,-9.8,-139.0333,26.15,76,16,8.55,PF,1675482839
68,cape town,-33.9258,18.4232,20.21,72,0,1.79,ZA,1675482600
69,hamilton,39.1834,-84.5333,-6.7,67,20,2.06,US,1675482116
70,grindavik,63.8424,-22.4338,2.97,64,75,16.46,IS,1675482856
71,busselton,-33.65,115.3333,31.4,30,2,2.15,AU,1675482815
72,rio grande,-32.035,-52.0986,22.37,82,86,6.38,BR,1675482347
73,nikolskoye,59.7035,30.7861,-3.45,95,100,3.02,RU,1675482860
74,saint-philippe,-21.3585,55.7679,25.77,87,51,4.55,RE,1675482825
75,sitka,57.0531,-135.33,2.94,87,20,0.0,US,1675482828
76,balykshi,47.0667,51.8667,-4.0,93,100,4.0,KZ,1675482867
77,muroto,33.2833,134.15,10.87,56,100,4.11,JP,1675482867
78,nandu,22.8525,110.8233,18.1,93,100,1.31,CN,1675482868
79,dhidhdhoo,6.8833,73.1,26.6,75,91,1.94,MV,1675482868
80,dawei,14.0833,98.2,24.29,86,99,0.86,MM,1675482868
81,xingyi,24.1877,102.817,20.71,27,5,7.41,CN,1675482869
82,kodiak,57.79,-152.4072,0.73,69,100,2.06,US,1675482826
83,porbandar,21.6422,69.6093,15.99,51,0,0.0,IN,1675482630
84,broome,42.2506,-75.833,-16.28,75,100,10.8,US,1675482869
85,grand gaube,-20.0064,57.6608,26.88,82,66,1.34,MU,1675482870
86,severo-kurilsk,50.6789,156.125,-1.94,88,100,5.31,RU,1675482860
87,balingasay,16.3573,119.8564,27.72,61,70,2.9,PH,1675482870
88,ossora,59.2353,163.0719,-11.88,90,100,2.88,RU,1675482871
89,vostok,46.4856,135.8833,-12.98,78,82,3.38,RU,1675482291
90,inuvik,68.3499,-133.7218,-34.52,75,75,0.0,CA,1675482871
91,saskylakh,71.9167,114.0833,-43.3,100,63,1.52,RU,1675482829
92,tuy hoa,13.0833,109.3,25.15,82,97,3.51,VN,1675482855
93,ponta do sol,32.6667,-17.1,15.56,49,10,2.57,PT,1675482857
94,klaksvik,62.2266,-6.589,8.51,93,100,11.59,FO,1675482291
95,punta arenas,-53.15,-70.9167,10.06,66,0,9.26,CL,1675482789
96,gelibolu,40.4103,26.6708,6.92,65,98,4.82,TR,1675482872
97,jamestown,42.097,-79.2353,-10.23,58,100,8.75,US,1675482578
98,sonoita,31.85,-112.8333,15.67,34,95,1.12,MX,1675482872
99,lebu,-37.6167,-73.65,16.75,76,0,6.84,CL,1675482842
100,faanui,-16.4833,-151.75,27.64,75,15,6.94,PF,1675482873
101,caldwell,43.6629,-116.6874,1.08,73,100,3.09,US,1675482873
102,khatanga,71.9667,102.5,-35.84,100,69,1.82,RU,1675482816
103,tambopata,-12.7333,-69.1833,21.9,99,100,1.24,PE,1675482874
104,trairi,-3.2778,-39.2689,24.98,87,59,4.07,BR,1675482828
105,dromolaxia,34.8761,33.586,9.43,91,20,3.13,CY,1675482874
106,puerto ayora,-0.7393,-90.3518,25.31,91,82,0.87,EC,1675482827
107,mahanoro,-19.9,48.8,23.96,93,99,3.83,MG,1675482875
108,trinidad,-14.8333,-64.9,21.35,99,100,0.7,BO,1675482875
109,vanavara,60.34,102.2797,-19.36,100,100,1.43,RU,1675482875
110,rikitea,-23.1203,-134.9692,25.88,73,100,1.91,PF,1675482808
111,synya,65.3718,58.0387,-11.89,97,100,1.35,RU,1675482876
112,cherskiy,68.75,161.3,-33.12,100,92,0.14,RU,1675482876
113,cehegin,38.0924,-1.7985,4.61,50,0,1.83,ES,1675482877
114,mandalgovi,45.7625,106.2708,-6.94,29,10,6.36,MN,1675482877
115,sungaipenuh,-2.0833,101.3833,25.45,58,100,2.12,ID,1675482878
116,cap malheureux,-19.9842,57.6142,26.93,83,63,0.45,MU,1675482283
117,almaznyy,48.0448,40.045,-0.4,98,100,3.94,RU,1675482878
118,nanortalik,60.1432,-45.2371,-12.53,80,100,6.75,GL,1675482283
119,cam ranh,11.9214,109.1591,28.98,61,20,5.14,VN,1675482879
120,greeley,40.4233,-104.7091,6.59,68,100,2.33,US,1675482616
121,christchurch,-43.5333,172.6333,30.82,43,0,7.2,NZ,1675482879
122,finschhafen,-6.6024,147.8681,28.57,78,98,2.62,PG,1675482879
123,daru,-9.0763,143.2092,30.37,67,100,4.55,PG,1675482319
124,celle,52.6226,10.0805,4.53,89,40,1.03,DE,1675482880
125,yar-sale,66.8333,70.8333,-16.12,100,93,2.48,RU,1675482880
126,impfondo,1.6381,18.0667,21.98,62,50,0.45,CG,1675482881
127,bengkulu,-3.8004,102.2655,28.26,68,99,3.31,ID,1675482859
128,yellowknife,62.456,-114.3525,-24.69,77,75,2.57,CA,1675482838
129,saint-augustin,51.226,-58.6502,-18.77,80,65,8.26,CA,1675482352
130,hermanus,-34.4187,19.2345,19.33,85,0,4.48,ZA,1675482830
131,fortuna,40.5982,-124.1573,10.92,82,0,5.14,US,1675482066
132,paamiut,61.994,-49.6678,-12.99,93,100,4.26,GL,1675482396
133,tiksi,71.6872,128.8694,-34.81,100,99,0.64,RU,1675482881
134,port blair,11.6667,92.75,28.02,74,40,5.14,IN,1675482828
135,sheridan,44.8333,-106.9173,5.17,77,0,2.57,US,1675482499
136,ilulissat,69.2167,-51.1,-12.99,85,100,5.66,GL,1675482882
137,port augusta,-32.5,137.7667,22.62,44,11,6.75,AU,1675482882
138,new norfolk,-42.7826,147.0587,15.72,67,100,2.24,AU,1675482823
139,urumqi,43.801,87.6005,-8.47,68,28,1.0,CN,1675482001
140,vawkavysk,53.1561,24.4513,-2.78,79,100,3.59,BY,1675482883
141,wewak,-3.5534,143.6268,29.99,63,72,3.9,PG,1675482340
142,liverpool,53.4106,-2.9779,9.34,84,100,2.06,GB,1675482883
143,cidreira,-30.1811,-50.2056,22.14,92,100,3.39,BR,1675482835
144,avera,33.194,-82.5271,5.73,51,0,3.79,US,1675482292
145,lamar,33.6668,-95.5836,4.64,87,0,1.54,US,1675482884
146,chuy,-33.6971,-53.4616,19.18,90,79,3.79,UY,1675482848
147,saquena,-4.6667,-73.5167,21.73,92,42,1.37,PE,1675482884
148,proletarsk,46.7031,41.7192,2.88,79,99,6.53,RU,1675482885
149,avarua,-21.2078,-159.775,29.03,79,47,7.2,CK,1675482865
150,umtata,-31.5889,28.7844,18.31,94,75,2.57,ZA,1675482885
151,ahipara,-35.1667,173.1667,21.8,80,100,3.84,NZ,1675482885
152,shingu,33.7333,135.9833,13.39,38,100,3.14,JP,1675482335
153,bredasdorp,-34.5322,20.0403,17.58,93,10,2.72,ZA,1675482821
154,alyangula,-13.8483,136.4192,30.73,58,46,2.04,AU,1675482886
155,laguna,38.421,-121.4238,12.23,89,100,2.06,US,1675482886
156,nadym,65.5333,72.5167,-12.34,95,93,4.09,RU,1675482887
157,brenham,30.1669,-96.3977,7.24,66,0,0.0,US,1675482887
158,pryazha,61.6926,33.6216,-4.43,94,100,3.47,RU,1675482888
159,nedjo,9.5046,35.5019,14.68,41,100,1.02,ET,1675482888
160,erzincan,39.75,39.5,-12.39,92,40,0.0,TR,1675482889
161,jimo,36.3897,120.4622,5.88,39,0,2.0,CN,1675482889
162,noyabrsk,63.1994,75.4507,-15.56,96,63,4.15,RU,1675482889
163,luanda,-8.8368,13.2343,25.84,81,100,2.78,AO,1675482072
164,kavieng,-2.5744,150.7967,28.07,74,100,2.55,PG,1675482831
165,komsomolskiy,40.4272,71.7189,6.4,75,40,3.09,UZ,1675482317
166,imeni poliny osipenko,52.4201,136.4853,-22.46,90,100,2.53,RU,1675482890
167,waipawa,-41.4122,175.5153,25.14,58,1,3.24,NZ,1675482890
168,uruzgan,32.8333,66.0,3.56,72,8,2.87,AF,1675482891
169,milkovo,54.7167,158.6167,-14.02,89,100,0.34,RU,1675482891
170,clyde river,70.4692,-68.5914,-30.87,62,0,2.57,CA,1675482861
171,beloha,-25.1667,45.05,23.63,79,86,4.15,MG,1675482892
172,kamaishi,39.2667,141.8833,2.91,62,100,1.84,JP,1675482892
173,anse-bertrand,16.4721,-61.5078,23.9,100,8,8.87,GP,1675482892
174,brigantine,39.4101,-74.3646,-6.89,38,0,10.29,US,1675482893
175,thinadhoo,0.5333,72.9333,27.02,71,31,6.57,MV,1675482893
176,kiama,-34.6833,150.8667,26.88,36,0,7.6,AU,1675482893
177,tipuani,-15.5648,-68.0185,20.07,99,100,0.12,BO,1675482894
178,yamada,39.4667,141.95,3.13,55,94,1.6,JP,1675482894
179,provideniya,64.3833,-173.3,-23.72,90,53,5.75,RU,1675482850
180,cairns,-16.9167,145.7667,32.84,76,92,3.09,AU,1675482366
181,melville,40.7934,-73.4151,-11.03,40,75,7.72,US,1675482895
182,port moresby,-9.4431,147.1797,28.68,74,40,3.09,PG,1675482733
183,dingle,10.9995,122.6711,28.1,74,88,6.35,PH,1675482295
184,victoria,22.2855,114.1577,18.87,83,100,5.36,HK,1675482811
185,henties bay,-22.116,14.2845,17.51,87,100,2.19,NA,1675482872
186,seydisehir,37.4193,31.8453,-1.91,96,94,1.27,TR,1675482896
187,saint-joseph,-21.3667,55.6167,25.21,84,59,4.97,RE,1675482831
188,oum hadjer,13.2954,19.6966,21.36,17,97,3.66,TD,1675482896
189,esperance,-33.8667,121.9,24.54,50,13,5.9,AU,1675482897
190,ustye,59.6304,39.736,-5.5,97,100,2.39,RU,1675482897
191,chiredzi,-21.05,31.6667,21.84,84,67,3.17,ZW,1675482897
192,butaritari,3.0707,172.7902,27.68,79,9,7.86,KI,1675482819
193,srisailam,16.0833,78.8667,25.86,44,5,2.13,IN,1675482882
194,kaitangata,-46.2817,169.8464,22.87,64,23,3.46,NZ,1675482849
195,port shepstone,-30.7414,30.455,21.55,86,38,2.38,ZA,1675482898
196,san policarpo,12.1791,125.5072,27.0,81,98,6.75,PH,1675482898
197,bethel,41.3712,-73.414,-11.95,69,100,6.69,US,1675482899
198,itinga,-16.6131,-41.7653,23.54,72,43,1.16,BR,1675482899
199,padang,-0.9492,100.3543,29.03,65,100,1.6,ID,1675482351
200,lorengau,-2.0226,147.2712,28.21,72,98,1.25,PG,1675482871
201,tagusao,9.1924,117.8141,28.62,66,98,2.72,PH,1675482900
202,enid,36.3956,-97.8784,5.6,71,0,6.69,US,1675482900
203,maragogi,-9.0122,-35.2225,26.08,70,75,2.87,BR,1675482901
204,drayton valley,53.2168,-114.9854,-0.93,99,100,1.81,CA,1675482900
205,biguacu,-27.4942,-48.6556,25.56,92,99,0.18,BR,1675482909
206,taoudenni,22.6783,-3.9836,12.51,30,99,4.5,ML,1675482913
207,svetlogorsk,52.6333,29.7333,-6.15,89,97,2.42,BY,1675482917
208,wanning,18.8003,110.3967,23.53,83,91,3.67,CN,1675482955
209,semey,50.4111,80.2275,-13.88,78,75,3.0,KZ,1675482955
210,yumen,40.2833,97.2,-2.58,34,98,0.99,CN,1675482845
211,raudeberg,61.9875,5.1352,2.37,61,100,9.54,NO,1675482956
212,bhainsdehi,21.6467,77.6325,21.75,16,11,0.58,IN,1675482956
213,guerrero negro,27.9769,-114.0611,15.56,63,100,5.44,MX,1675482957
214,tetouan,35.5711,-5.3724,12.43,62,0,5.14,MA,1675482957
215,tongling,30.95,117.7833,10.34,59,3,5.21,CN,1675482958
216,miranda,3.2499,-76.2281,22.07,88,55,2.19,CO,1675482958
217,araouane,18.9048,-3.5265,11.48,24,75,4.91,ML,1675482959
218,aksu,41.1231,80.2644,-3.37,81,91,1.69,CN,1675482959
219,plettenberg bay,-34.0527,23.3716,19.35,87,1,1.9,ZA,1675482959
220,huilong,31.8111,121.655,7.15,51,0,3.74,CN,1675482960
221,port-gentil,-0.7193,8.7815,27.25,80,38,3.66,GA,1675482960
222,bonfim,3.0833,-59.95,24.5,78,49,4.52,BR,1675482961
223,georgetown,5.4112,100.3354,29.96,79,20,1.54,MY,1675482652
224,bermejillo,25.8833,-103.6167,12.8,34,0,3.5,MX,1675482963
225,bagdarin,54.4333,113.6,-14.51,68,6,1.6,RU,1675482964
226,acapulco,16.8634,-99.8901,26.9,78,20,1.54,MX,1675482680
227,emerald,-23.5333,148.1667,31.86,42,31,5.91,AU,1675482971
228,ludvika,60.1496,15.1878,-9.11,96,45,1.57,SE,1675482974
229,piano di sorrento,40.631,14.416,12.07,92,99,0.89,IT,1675482977
230,obo,5.3998,26.4869,19.84,23,89,2.39,CF,1675482995
231,leningradskiy,69.3833,178.4167,-32.0,99,100,0.81,RU,1675482827
232,disa,24.25,72.1667,22.26,26,0,1.8,IN,1675482998
233,saldanha,-33.0117,17.9442,16.03,88,0,1.14,ZA,1675482998
234,high level,58.5169,-117.136,-14.94,78,100,2.06,CA,1675482914
235,ghansor,22.65,79.95,20.49,21,9,2.11,IN,1675482999
236,saint-georges,12.0564,-61.7485,25.82,78,75,5.14,GD,1675482882
237,adrar,20.5022,-10.0711,12.19,14,99,4.98,MR,1675482999
238,syracuse,37.0881,15.2792,7.77,70,0,3.57,IT,1675482815
239,marawi,7.9986,124.2928,24.99,65,100,2.8,PH,1675483000
240,funtua,11.5233,7.3081,18.54,26,57,4.0,NG,1675483000
241,honiara,-9.4333,159.95,29.0,80,62,0.76,SB,1675483000
242,east wenatchee bench,47.4257,-120.2812,2.6,77,0,1.54,US,1675483001
243,vila do maio,15.1333,-23.2167,20.44,71,100,8.36,CV,1675483001
244,mehamn,71.0357,27.8492,-4.03,80,100,7.2,NO,1675482844
245,bandarbeyla,9.4942,50.8122,23.97,64,71,8.59,SO,1675483002
246,beringovskiy,63.05,179.3167,-24.39,95,100,6.3,RU,1675482403
247,prince george,53.9166,-122.753,0.9,97,75,2.06,CA,1675482752
248,ribeira grande,38.5167,-28.7,16.54,94,100,5.81,PT,1675482824
249,geraldton,-28.7667,114.6,33.23,33,12,10.8,AU,1675483002
250,ketchikan,55.3422,-131.6461,5.99,93,100,0.0,US,1675482868
251,harper,4.375,-7.7169,25.91,86,8,2.64,LR,1675483003
252,artesia,33.8658,-118.0831,17.15,61,0,3.6,US,1675483003
253,sangar,63.9242,127.4739,-24.26,88,100,2.52,RU,1675483004
254,bathsheba,13.2167,-59.5167,26.34,73,40,8.75,BB,1675483004
255,merauke,-8.4667,140.3333,27.68,84,100,9.12,ID,1675483004
256,turukhansk,65.8167,87.9833,-13.39,97,99,2.18,RU,1675483005
257,sinnamary,5.3833,-52.95,24.52,88,100,5.52,GF,1675482887
258,virginia beach,36.8529,-75.978,-0.55,43,0,8.75,US,1675483005
259,rio gallegos,-51.6226,-69.2181,15.03,38,0,8.75,AR,1675482722
260,kysyl-syr,63.8986,122.7617,-26.89,93,100,1.93,RU,1675482874
261,hohhot,40.8106,111.6522,-3.84,42,0,1.0,CN,1675483005
262,youkounkoun,12.5333,-13.1333,22.52,19,6,0.64,GN,1675483006
263,constitucion,-35.3333,-72.4167,15.16,95,21,3.78,CL,1675482958
264,castro,-24.7911,-50.0119,18.19,97,100,3.12,BR,1675482863
265,husavik,66.0449,-17.3389,-0.96,67,82,8.2,IS,1675482890
266,slupca,52.2873,17.8719,-2.21,82,94,9.22,PL,1675483007
267,alugan,12.2188,125.4808,26.86,82,98,6.41,PH,1675483007
268,kudahuvadhoo,2.6708,72.8944,26.42,68,73,4.29,MV,1675483007
269,kushima,31.4583,131.2333,13.75,47,100,4.13,JP,1675483008
270,vestmanna,62.1564,-7.1664,8.51,93,100,6.69,FO,1675483008
271,ancud,-41.8697,-73.8203,14.94,79,0,0.93,CL,1675483008
272,saint george,37.1041,-113.5841,10.53,48,0,3.6,US,1675482723
273,axim,4.8699,-2.2405,25.94,88,34,2.31,GH,1675483009
274,talnakh,69.4865,88.3972,-12.76,97,100,2.13,RU,1675482866
275,comodoro rivadavia,-45.8667,-67.5,26.92,22,0,5.66,AR,1675483010
276,buraydah,26.326,43.975,9.25,47,0,3.76,SA,1675482896
277,bud,39.447,-86.1758,-7.88,70,5,1.72,US,1675483010
278,ankang,32.68,109.0172,11.6,45,85,2.24,CN,1675483010
279,vaitape,-16.5167,-151.75,27.64,75,15,6.93,PF,1675483011
280,sorland,67.667,12.6934,2.92,67,100,8.63,NO,1675482868
281,najran,17.4924,44.1277,12.36,48,62,1.05,SA,1675482793
282,canesti,45.4,26.6,-0.5,84,100,1.54,RO,1675483011
283,wadi maliz,36.4681,8.5495,4.81,92,7,2.0,TN,1675483012
284,cankuzo,-3.1333,30.5833,13.02,93,86,0.71,BI,1675483012
285,faya,18.3851,42.4509,10.29,66,80,2.32,SA,1675483013
286,montes altos,-5.8333,-47.0667,21.93,97,87,1.51,BR,1675483013
287,port hedland,-20.3167,118.5667,35.03,43,6,4.12,AU,1675482876
288,coihaique,-45.5752,-72.0662,19.34,63,0,1.54,CL,1675482651
289,fonte boa,-2.4959,-66.2662,22.54,98,100,0.94,BR,1675483013
290,cayenne,4.9333,-52.3333,25.02,88,75,3.6,GF,1675483014
291,sobolevo,54.4299,31.8996,-11.1,97,89,2.26,RU,1675482841
292,bubaque,11.2833,-15.8333,24.88,60,3,6.38,GW,1675483014
293,iquique,-20.2208,-70.1431,23.02,77,59,0.24,CL,1675483003
294,lovozero,68.005,35.0117,-12.0,93,35,4.63,RU,1675483015
295,brus laguna,15.75,-84.4833,22.01,84,2,1.11,HN,1675483016
296,ukiah,39.1502,-123.2078,8.58,90,0,2.06,US,1675483016
297,san patricio,28.017,-97.5169,11.02,81,14,2.38,US,1675482866
298,altay,47.8667,88.1167,-4.99,86,99,0.44,CN,1675483016
299,cockburn town,21.4612,-71.1419,25.22,77,8,7.6,TC,1675482706
300,north platte,41.1239,-100.7654,-1.46,79,100,3.13,US,1675483017
301,chumikan,54.7183,135.315,-20.53,81,66,7.78,RU,1675482958
302,katsuura,35.1333,140.3,8.51,83,97,1.64,JP,1675483017
303,salisbury,51.0693,-1.7957,8.34,91,100,2.57,GB,1675483018
304,charters towers,-20.1,146.2667,30.99,52,100,2.73,AU,1675483018
305,sao sebastiao,-23.76,-45.4097,25.32,76,100,1.58,BR,1675483018
306,sao sebastiao do paraiso,-20.9169,-46.9914,18.86,93,100,1.47,BR,1675482800
307,vega de alatorre,20.0333,-96.6333,15.63,77,10,5.95,MX,1675483019
308,batticaloa,7.7102,81.6924,26.86,80,27,3.27,LK,1675483019
309,oranjestad,12.524,-70.027,25.97,77,20,8.75,AW,1675483020
310,hofn,64.2539,-15.2082,2.06,72,100,8.12,IS,1675482839
311,prudentopolis,-25.2131,-50.9778,19.24,100,100,1.41,BR,1675483020
312,priego de cordoba,37.4381,-4.1952,5.29,63,0,1.69,ES,1675483020
313,alofi,-19.0595,-169.9187,22.94,25,100,2.06,NU,1675483021
314,kampong thum,12.7111,104.8887,31.64,47,80,3.54,KH,1675483021
315,soyo,-6.1349,12.3689,26.77,86,97,4.47,AO,1675483022
316,namatanai,-3.6667,152.4333,28.51,75,100,3.01,PG,1675483023
317,mudigere,13.1333,75.6333,24.36,50,22,3.14,IN,1675483026
318,sakakah,29.9697,40.2064,6.76,61,0,3.71,SA,1675483031
319,pisco,-13.7,-76.2167,22.03,94,100,2.06,PE,1675483034
320,phuket,8.0,98.25,29.12,70,40,6.17,TH,1675482738
321,vila franca do campo,37.7167,-25.4333,15.23,89,88,3.27,PT,1675482885
322,staryy nadym,65.6118,72.6842,-11.33,96,96,3.85,RU,1675483039
323,outjo,-20.1167,16.15,19.85,78,100,0.98,NA,1675483040
324,sorong,-0.8833,131.25,27.87,74,100,2.77,ID,1675483042
325,goderich,43.7501,-81.7165,-9.82,57,100,6.17,CA,1675483033
326,asheville,35.6009,-82.554,-1.36,59,0,4.63,US,1675483047
327,itaituba,-4.2761,-55.9836,22.77,92,98,0.76,BR,1675483050
328,minbu,20.1833,94.8833,29.68,38,31,0.35,MM,1675483051
329,lagos,6.5833,3.75,26.18,92,33,1.13,NG,1675482520
330,udachnyy,66.4167,112.4,-32.86,100,98,0.79,RU,1675483054
331,bertoua,4.5833,13.6833,19.83,44,32,0.64,CM,1675483055
332,petropavlovka,50.6114,105.3196,-13.5,81,43,1.46,RU,1675483055
333,senanga,-16.1167,23.2667,18.71,97,100,1.6,ZM,1675483055
334,sydney,-33.8679,151.2073,29.63,24,0,6.17,AU,1675482413
335,waingapu,-9.6567,120.2641,24.84,89,100,4.9,ID,1675483056
336,san cristobal,7.7669,-72.225,19.1,63,5,0.64,VE,1675483056
337,mabaruma,8.2,-59.7833,21.31,99,73,1.09,GY,1675483057
338,madimba,-10.4,40.3333,25.03,89,100,1.61,TZ,1675483058
339,ulaanbaatar,47.9077,106.8832,-17.93,78,55,1.0,MN,1675482980
340,mathbaria,22.2876,89.9593,24.75,28,96,3.15,BD,1675483058
341,urucui,-7.2294,-44.5561,23.96,75,90,1.04,BR,1675483059
342,lichinga,-13.3128,35.2406,17.05,100,20,2.24,MZ,1675483059
343,barra do garcas,-15.89,-52.2567,22.78,92,100,0.63,BR,1675483059
344,nanpiao,41.0982,120.7479,1.68,24,0,2.84,CN,1675483060
345,yaan,7.3833,8.5667,25.14,29,63,1.9,NG,1675483060
346,sao joao da barra,-21.6403,-41.0511,24.01,90,44,6.93,BR,1675482780
347,chicama,-7.8447,-79.1469,20.3,75,96,2.1,PE,1675483061
348,mokhsogollokh,61.4681,128.9203,-22.62,95,100,1.24,RU,1675482825
349,port hardy,50.6996,-127.4199,6.1,93,100,7.72,CA,1675483061
350,lithakia,37.7167,20.8333,2.65,61,18,5.95,GR,1675483061
351,shimoda,34.6667,138.95,11.2,42,82,7.59,JP,1675482844
352,hokitika,-42.7167,170.9667,22.41,80,39,2.8,NZ,1675483062
353,kyren,51.6828,102.1408,-10.46,76,15,0.47,RU,1675483062
354,aquiraz,-3.9014,-38.3911,27.32,85,77,4.53,BR,1675483063
355,resplendor,-19.3256,-41.2553,21.56,88,9,0.91,BR,1675483063
356,delaware,39.0004,-75.4999,-6.11,38,0,8.75,US,1675483063
357,carnarvon,-24.8667,113.6333,29.73,60,34,3.65,AU,1675482833
358,victor harbor,-35.5667,138.6167,20.38,66,80,1.34,AU,1675483064
359,tefe,-3.3542,-64.7114,22.69,98,100,0.11,BR,1675483064
360,umm lajj,25.0213,37.2685,17.8,52,10,4.48,SA,1675483064
361,namibe,-15.1961,12.1522,21.74,79,90,2.39,AO,1675483065
362,gizo,-8.103,156.8419,28.63,74,94,1.59,SB,1675482817
363,crestview,30.7621,-86.5705,9.58,52,0,5.14,US,1675482981
364,macas,-2.3167,-78.1167,20.78,82,91,1.18,EC,1675483065
365,monzon,41.9108,0.1941,-0.32,56,0,1.47,ES,1675483066
366,whitehaven,54.549,-3.5841,8.81,100,100,0.89,GB,1675483066
367,cartagena,10.3997,-75.5144,24.79,83,0,2.06,CO,1675482972
368,paihia,-35.2822,174.0912,23.51,86,100,3.14,NZ,1675483067
369,ijuin,31.6167,130.4,11.06,53,100,5.6,JP,1675483067
370,port elizabeth,-33.918,25.5701,21.72,92,0,4.63,ZA,1675482886
371,puerto baquerizo moreno,-0.9,-89.6,25.58,77,53,1.22,EC,1675483067
372,ostrovnoy,68.0531,39.5131,-9.07,92,99,3.86,RU,1675483068
373,daphne,30.6035,-87.9036,8.81,57,0,5.66,US,1675483068
374,sao miguel do iguacu,-25.3481,-54.2378,22.49,96,100,0.67,BR,1675482854
375,rognan,67.0953,15.3878,-3.92,72,100,3.6,NO,1675483069
376,hof,50.3167,11.9167,1.92,91,75,4.12,DE,1675483069
377,busia,0.4544,34.0758,16.59,72,52,2.6,UG,1675483070
378,tura,25.5198,90.2201,23.22,37,2,1.15,IN,1675483070
379,rodez,44.5,2.5833,0.58,100,0,0.51,FR,1675483071
380,diamantino,-14.4086,-56.4461,22.39,93,100,0.41,BR,1675483071
381,dimayon,8.0667,124.15,24.32,69,100,2.68,PH,1675483071
382,ulladulla,-35.35,150.4667,25.51,31,10,5.97,AU,1675483072
383,te anau,-45.4167,167.7167,27.64,47,27,2.94,NZ,1675482866
384,arraial do cabo,-22.9661,-42.0278,24.07,91,98,7.91,BR,1675482829
385,san pedro,14.35,121.0167,29.64,63,75,3.6,PH,1675483072
386,bangassou,4.7413,22.8184,17.89,32,75,1.36,CF,1675483073
387,vallenar,-28.5708,-70.7581,20.55,63,0,1.57,CL,1675482873
388,mercedes,-34.6515,-59.4307,19.32,73,94,2.99,AR,1675483073
389,pundaguitan,6.3711,126.1689,26.9,76,100,4.25,PH,1675482834
390,bitlis,38.5,42.25,-11.49,78,100,1.6,TR,1675483074
391,tondano,1.3038,124.9112,19.05,69,99,1.42,ID,1675483074
392,waddan,29.1614,16.139,9.2,59,58,5.45,LY,1675483074
393,fort nelson,58.8053,-122.7002,-18.23,88,75,1.54,CA,1675483004
394,manaus,-3.1019,-60.025,24.28,94,75,3.6,BR,1675482927
395,grootfontein,-19.5667,18.1167,18.61,91,100,2.92,NA,1675483075
396,naica,27.85,-105.4833,12.08,37,0,2.81,MX,1675482634
397,nouadhibou,20.931,-17.0347,18.99,27,100,6.17,MR,1675483075
398,alta floresta,-9.8756,-56.0861,21.38,97,79,0.49,BR,1675482818
399,mackay,-21.15,149.2,31.49,79,100,5.35,AU,1675483076
400,codrington,-38.2667,141.9667,18.09,59,60,8.08,AU,1675483076
401,grindsted,55.754,8.9123,0.51,100,84,2.57,DK,1675483076
402,derzhavinsk,51.1,66.3167,-19.47,89,13,3.98,KZ,1675483077
403,brive-la-gaillarde,45.25,1.5,1.82,41,4,1.67,FR,1675482786
404,xiaoweizhai,26.1903,107.5125,7.17,93,100,2.02,CN,1675483077
405,gloucester,51.8657,-2.2431,8.42,90,27,1.79,GB,1675482344
406,srednekolymsk,67.45,153.6833,-24.03,97,100,5.66,RU,1675482820
407,tougan,13.0667,-3.0667,20.97,11,7,5.23,BF,1675483078
408,lasa,46.6166,10.7002,4.65,95,85,4.41,IT,1675483078
409,kaohsiung,22.6163,120.3133,24.97,62,75,2.57,TW,1675483018
410,tukrah,32.5341,20.5791,11.72,68,0,2.2,LY,1675483079
411,ruston,32.5232,-92.6379,-0.1,100,0,0.0,US,1675482975
412,schoneiche,52.4667,13.6833,2.74,85,75,5.14,DE,1675483079
413,oberstdorf,47.4,10.2833,2.41,95,100,1.34,DE,1675483079
414,kaka,37.3482,59.6143,6.45,74,8,1.05,TM,1675483080
415,kasongo-lunda,-6.4667,16.8167,20.25,91,100,0.81,CD,1675483080
416,semirom,31.4167,51.5667,-11.91,62,10,1.37,IR,1675483081
417,sault sainte marie,46.5168,-84.3333,-16.69,78,100,3.09,CA,1675483081
418,quartucciu,39.2519,9.1794,9.44,81,20,5.14,IT,1675483081
419,abha,18.2164,42.5053,10.14,87,40,4.12,SA,1675482767
420,fairbanks,64.8378,-147.7164,-14.73,87,75,0.0,US,1675482748
421,presidencia roque saenz pena,-26.7852,-60.4388,22.77,56,47,2.54,AR,1675483082
422,little elm,33.1626,-96.9375,6.53,72,0,1.34,US,1675483082
423,poum,-20.2333,164.0167,28.56,79,35,4.06,NC,1675483082
424,esmeraldas,-19.7625,-44.3139,24.48,82,100,0.74,BR,1675482819
425,nkan,0.3833,9.7833,27.87,90,13,0.71,GA,1675483083
426,vienenburg,51.95,10.5667,4.5,92,99,2.58,DE,1675483083
427,cabedelo,-6.9811,-34.8339,26.37,72,30,3.65,BR,1675483063
428,mapiri,-15.25,-68.1667,19.4,100,100,0.12,BO,1675483083
429,bukachacha,52.9833,116.9167,-13.43,70,52,0.78,RU,1675483084
430,campbell river,50.0163,-125.2446,8.03,100,100,1.54,CA,1675483084
431,tamalin,21.35,-97.8,11.94,87,3,1.14,MX,1675483085
432,rabo de peixe,37.8,-25.5833,14.73,94,40,2.57,PT,1675482843
433,la ronge,55.1001,-105.2842,-9.86,85,100,3.6,CA,1675483085
434,muisne,0.6,-80.0333,24.65,87,59,3.2,EC,1675483085
435,santa marta,11.2408,-74.199,27.72,61,4,8.94,CO,1675482920
436,thompson,55.7435,-97.8558,-19.91,77,100,1.03,CA,1675482561
437,cocobeach,1.0002,9.5823,26.77,79,65,1.55,GA,1675483086
438,mombetsu,44.3525,143.3525,-4.99,63,40,3.09,JP,1675483086
439,santa isabel do rio negro,-0.4139,-65.0192,22.74,98,100,0.53,BR,1675483087
440,bhinga,27.7167,81.9333,16.82,45,0,2.37,IN,1675483087
441,makakilo city,21.3469,-158.0858,25.18,79,75,4.12,US,1675483061
442,inhambane,-23.865,35.3833,24.47,89,31,3.37,MZ,1675483088
443,padong,18.0522,120.7567,30.71,35,20,0.8,PH,1675483088
444,karratha,-20.7377,116.8463,35.31,39,12,5.29,AU,1675482826
445,matara,5.9485,80.5353,27.28,75,44,2.45,LK,1675482904
446,norman wells,65.282,-126.8329,-31.98,75,100,0.0,CA,1675482742
447,kommunar,59.6206,30.39,-4.26,96,100,3.64,RU,1675483089
448,port lincoln,-34.7333,135.8667,18.88,57,100,4.61,AU,1675483089
449,buala,-8.145,159.5921,28.73,77,58,2.0,SB,1675483015
450,blythe,33.6103,-114.5964,16.25,21,0,0.0,US,1675483090
451,los llanos de aridane,28.6585,-17.9182,13.96,76,75,4.63,ES,1675482838
452,solano,38.2333,-121.9511,11.85,86,100,0.0,US,1675483090
453,hervey bay,-25.2986,152.8535,30.57,65,98,6.26,AU,1675482873
454,hualmay,-11.0964,-77.6139,21.94,86,100,3.27,PE,1675482883
455,porto murtinho,-21.6989,-57.8825,20.91,98,76,1.47,BR,1675483091
456,ciuchici,44.9414,21.61,3.57,86,99,5.81,RO,1675483091
457,khorramshahr,30.4397,48.1664,5.97,52,1,2.85,IR,1675483092
458,kaeo,-35.1,173.7833,23.51,86,100,3.07,NZ,1675483092
459,chervishevo,56.9464,65.4278,-14.84,97,56,1.69,RU,1675483092
460,gualeguay,-33.1416,-59.3097,17.9,86,4,2.67,AR,1675483093
461,lindome,57.5667,12.0833,-3.84,88,0,3.6,SE,1675483093
462,weihe,32.9952,105.3247,10.18,44,30,2.01,CN,1675483093
463,povenets,62.8487,34.8262,-7.2,93,98,3.87,RU,1675483094
464,boddam,57.4667,-1.7833,9.21,87,100,3.87,GB,1675483094
465,aviles,43.5547,-5.9248,7.74,87,0,1.54,ES,1675483094
466,yurimaguas,-5.9,-76.0833,24.04,66,99,0.72,PE,1675483095
467,fergus falls,46.283,-96.0776,-17.68,75,0,8.75,US,1675482905
468,tautira,-17.7333,-149.15,26.62,82,100,7.75,PF,1675483095
469,sawtell,-30.3833,153.1,27.33,54,26,4.63,AU,1675483096
470,hay river,60.8156,-115.7999,-20.01,71,100,2.57,CA,1675483096
471,rawson,-43.3002,-65.1023,23.22,45,0,5.53,AR,1675482803
472,pasighat,28.0667,95.3333,24.14,23,0,1.64,IN,1675483097
473,emilio carranza,19.9711,-96.6114,15.15,78,10,5.99,MX,1675483097
474,mariental,-24.6333,17.9667,25.26,26,100,2.63,NA,1675483097
475,abnub,27.2696,31.1511,8.12,50,7,3.17,EG,1675482874
476,pasni,25.2631,63.471,20.07,73,0,2.67,PK,1675482980
477,anori,-3.7728,-61.6442,22.62,99,100,0.32,BR,1675483098
478,yerbogachen,61.2767,108.0108,-23.16,99,100,1.05,RU,1675483099
479,piacabucu,-10.4056,-36.4344,25.39,77,100,4.03,BR,1675483099
480,yeovil,50.9416,-2.6321,8.77,88,100,1.54,GB,1675483099
481,serenje,-13.2325,30.2352,15.32,96,89,0.98,ZM,1675483100
482,benjamin constant,-4.3831,-70.0311,21.7,98,100,0.38,BR,1675483100
483,yulara,-25.2406,130.9889,27.45,23,0,4.93,AU,1675483060
484,uruguaiana,-29.7547,-57.0883,22.96,78,0,2.57,BR,1675483101
485,choix,26.7092,-108.3219,18.5,36,0,1.7,MX,1675483101
486,dukat,62.55,155.55,-28.49,97,99,1.93,RU,1675483101
487,santa cruz,-17.8,-63.1667,21.7,94,75,1.54,BO,1675482882
488,mulki,13.1,74.8,27.6,54,5,1.54,IN,1675483102
489,cubuk,40.2386,33.0322,-2.91,93,75,1.03,TR,1675483102
490,caravelas,-17.7125,-39.2481,24.67,85,5,3.23,BR,1675482845
491,marienburg,54.0359,19.0266,-0.09,82,88,5.41,PL,1675483103
492,puerto leguizamo,-0.1934,-74.7819,24.37,67,83,1.38,CO,1675483103
493,san joaquin,37.9333,-121.3011,11.38,91,0,3.09,US,1675483104
494,pevek,69.7008,170.3133,-34.19,100,30,1.27,RU,1675482898
495,shatoy,42.8714,45.6886,-2.21,63,88,3.66,RU,1675483104
496,okhotsk,59.3833,143.3,-21.48,83,69,5.49,RU,1675483104
497,lawton,34.6087,-98.3903,6.13,67,0,4.12,US,1675483105
498,charlestown,-32.95,151.6667,29.45,23,0,4.92,AU,1675483105
499,baijiantan,45.6333,85.1833,-9.48,88,70,1.04,CN,1675483105
500,galesong,-5.3166,119.3661,30.01,81,100,1.87,ID,1675483106
501,egvekinot,66.3167,-179.1667,-31.17,87,9,6.43,RU,1675482818
502,metro,-5.1131,105.3067,29.81,67,99,1.65,ID,1675483106
503,qasigiannguit,68.8193,-51.1922,-19.48,98,100,6.47,GL,1675483107
504,yenagoa,4.9247,6.2642,25.69,91,55,1.32,NG,1675483011
505,touros,-5.1989,-35.4608,26.29,74,100,5.72,BR,1675482867
506,taltal,-25.4,-70.4833,19.27,90,38,0.88,CL,1675482870
507,college,64.8569,-147.8028,-14.74,85,75,0.0,US,1675482866
508,west plains,36.7281,-91.8524,-1.13,58,0,3.6,US,1675483107
509,cimarron hills,38.8586,-104.6989,4.81,42,75,5.14,US,1675483108
510,bushenyi,-0.5853,30.2114,16.95,68,91,0.65,UG,1675483108
511,estacion coahuila,32.1939,-115.0017,15.61,22,16,3.9,MX,1675483109
512,grasse,43.6667,6.9167,6.55,87,0,1.54,FR,1675483109
513,businga,3.3333,20.8833,20.0,61,68,0.71,CD,1675483110
514,batagay-alyta,67.8006,130.4114,-37.51,92,42,1.68,RU,1675483110
515,prince rupert,54.3161,-130.3201,6.83,92,100,14.4,CA,1675482833
516,maryborough,-25.5333,152.7,30.62,52,100,4.36,AU,1675483110
517,colleferro,41.7262,13.0036,8.85,84,100,1.13,IT,1675483111
518,belyy yar,53.6039,91.3903,-22.06,92,98,0.0,RU,1675483111
519,scarborough,54.2797,-0.4044,8.84,86,100,0.45,GB,1675483111
520,shubarkuduk,49.1447,56.4872,-12.3,84,100,5.91,KZ,1675483112
521,malanje,-9.5402,16.341,17.64,94,100,0.84,AO,1675483112
522,khorixas,-20.3667,14.9667,21.31,39,100,1.2,NA,1675482876
523,qeshm,26.9581,56.2719,17.93,76,0,3.1,IR,1675483113
524,sayat,38.7839,63.8803,2.93,94,6,0.72,TM,1675483113
525,praya,14.9215,-23.5087,20.3,77,20,7.2,CV,1675483065
526,nusaybin,37.0778,41.2178,3.2,71,99,5.62,TR,1675483113
527,kalofer,42.6167,24.9833,-0.38,84,100,1.52,BG,1675483114
528,solginskiy,61.05,41.3428,-15.05,100,98,1.5,RU,1675483114
529,tuatapere,-46.1333,167.6833,29.05,43,15,1.38,NZ,1675483115
530,ambilobe,-13.2,49.05,24.62,90,15,0.2,MG,1675482878
531,chaman,30.9236,66.4512,11.18,59,10,0.28,PK,1675483115
532,voh,-20.9667,164.7,32.04,62,100,2.66,NC,1675483116
533,lagoa,39.05,-27.9833,14.34,84,100,5.81,PT,1675483018
534,canandaigua,42.8742,-77.288,-17.54,76,100,4.02,US,1675483116
535,bainbridge,47.6262,-122.5212,9.81,89,100,5.36,US,1675483116
536,vilhena,-12.7406,-60.1458,20.5,95,100,0.61,BR,1675483010
537,lanivtsi,49.8633,26.0908,-1.81,84,100,4.53,UA,1675483117
538,beisfjord,68.3751,17.5988,-5.05,82,68,3.12,NO,1675483117
539,isiro,2.7739,27.616,16.28,41,62,1.12,CD,1675483118
540,aykhal,66.0,111.5,-29.71,100,100,1.55,RU,1675483118
541,rajpipla,21.8667,73.5,24.51,19,2,2.35,IN,1675483118
542,kazanka,47.8462,32.8218,-2.75,83,25,2.17,UA,1675483119
543,mananjary,-21.2167,48.3333,23.49,92,95,0.93,MG,1675483119
544,cerrito,6.8432,-72.694,10.77,85,58,0.75,CO,1675483120
545,tommot,58.9564,126.2925,-14.73,84,100,3.75,RU,1675483120
546,camopi,3.1655,-52.3158,21.46,100,100,0.84,GF,1675483120
547,marquette,46.5333,-87.6335,-15.92,60,100,4.47,US,1675483121
548,neiafu,-18.65,-173.9833,29.38,70,75,3.09,TO,1675483121
549,nanakuli,21.3906,-158.1547,25.97,78,75,2.57,US,1675482827
550,nhulunbuy,-12.2333,136.7667,27.34,78,40,3.09,AU,1675483122
551,praia da vitoria,38.7333,-27.0667,15.98,94,20,3.82,PT,1675482889
552,domoni,-12.2569,44.5319,26.73,85,81,1.8,KM,1675483122
553,pitimbu,-7.4706,-34.8086,26.33,73,35,3.74,BR,1675483122
554,mubi,10.2676,13.2644,21.06,23,97,1.35,NG,1675483123
555,mayo,38.8876,-76.5119,-6.03,41,0,3.58,US,1675482816
556,isangel,-19.55,169.2667,29.93,76,100,7.59,VU,1675483123
